{
  "project_info": {
    "project_number": "529386962863",
    "project_id": "finalexam-e6cd7",
    "storage_bucket": "finalexam-e6cd7.appspot.com"
  },
  "client": [
    {
      "client_info": {
        "mobilesdk_app_id": "1:529386962863:android:a7ae407cecbb466cb6795a",
        "android_client_info": {
          "package_name": "com.example.myfinalexam"
        }
      },
      "oauth_client": [
        {
          "client_id": "529386962863-5vanq0arf55ihebvi04u9ii9tbnqau11.apps.googleusercontent.com",
          "client_type": 3
        }
      ],
      "api_key": [
        {
          "current_key": "AIzaSyCXVazhVXmQG9QnWNrAO7ife1oePh-Ko8w"
        }
      ],
      "services": {
        "appinvite_service": {
          "other_platform_oauth_client": [
            {
              "client_id": "529386962863-5vanq0arf55ihebvi04u9ii9tbnqau11.apps.googleusercontent.com",
              "client_type": 3
            }
          ]
        }
      }
    }
  ],
  "configuration_version": "1"
}