{
  "project_info": {
    "project_number": "1044682593498",
    "project_id": "hw05-63cfc",
    "storage_bucket": "hw05-63cfc.appspot.com"
  },
  "client": [
    {
      "client_info": {
        "mobilesdk_app_id": "1:1044682593498:android:a27d75ca6ef5b82b1381e3",
        "android_client_info": {
          "package_name": "com.example.hw05"
        }
      },
      "oauth_client": [
        {
          "client_id": "1044682593498-8q83hqocrn302l86briikokn4p67ponv.apps.googleusercontent.com",
          "client_type": 3
        }
      ],
      "api_key": [
        {
          "current_key": "AIzaSyAGvZbW8w3273c5iQs02xaUn6RhQZZceYA"
        }
      ],
      "services": {
        "appinvite_service": {
          "other_platform_oauth_client": [
            {
              "client_id": "1044682593498-8q83hqocrn302l86briikokn4p67ponv.apps.googleusercontent.com",
              "client_type": 3
            }
          ]
        }
      }
    }
  ],
  "configuration_version": "1"
}