{
  "project_info": {
    "project_number": "533629090320",
    "project_id": "assignmentmad-8d56a",
    "storage_bucket": "assignmentmad-8d56a.appspot.com"
  },
  "client": [
    {
      "client_info": {
        "mobilesdk_app_id": "1:533629090320:android:4eadfa1c521ec21a1e6895",
        "android_client_info": {
          "package_name": "com.example.inclass08"
        }
      },
      "oauth_client": [
        {
          "client_id": "533629090320-580rgkafcho5tpm7ng3ig48tdakmst96.apps.googleusercontent.com",
          "client_type": 3
        }
      ],
      "api_key": [
        {
          "current_key": "AIzaSyC73dQ563pV5AXG1g-8OnTDLE4Bcpesmr0"
        }
      ],
      "services": {
        "appinvite_service": {
          "other_platform_oauth_client": [
            {
              "client_id": "533629090320-580rgkafcho5tpm7ng3ig48tdakmst96.apps.googleusercontent.com",
              "client_type": 3
            }
          ]
        }
      }
    }
  ],
  "configuration_version": "1"
}